{
    "rmse": 0.8032024389348571,
    "mae": 0.6553431950848609,
    "r2": 0.05874794585511689
}