{
    "rmse": 0.7811493173979147,
    "mae": 0.653468367707689,
    "r2": 0.041930827333603204
}